timestamp,document_no,vendor_no,vendor_invoice_no,status,error
2025-05-18T21:14:38.319629,,,10009Invoices_20250502224750_203906454_Invoices_202505022247_3160157.pdf,FAILURE,No QR code found
2025-05-18T21:14:38.596879,,,10009Invoices_20250502224750_203906454_Invoices_202505022247_3160368.pdf,FAILURE,No QR code found
2025-05-18T21:14:38.858248,,,10009Invoices_20250502224750_203906454_Invoices_202505022247_3160432.pdf,FAILURE,No QR code found
2025-05-18T21:14:39.137290,,,10009Invoices_20250502224750_203906454_Invoices_202505022247_3160455.pdf,FAILURE,No QR code found
2025-05-18T21:14:39.402940,,,10009Invoices_20250502224750_203906454_Invoices_202505022247_3160513.pdf,FAILURE,No QR code found
2025-05-18T21:23:44.117872,,,10009Invoices_20250502224750_203906454_Invoices_202505022247_3160157.pdf,FAILURE,No QR code found
2025-05-18T21:23:44.550961,,,10009Invoices_20250502224750_203906454_Invoices_202505022247_3160368.pdf,FAILURE,No QR code found
2025-05-18T21:23:44.913245,,,10009Invoices_20250502224750_203906454_Invoices_202505022247_3160432.pdf,FAILURE,No QR code found
2025-05-18T21:23:45.247422,,,10009Invoices_20250502224750_203906454_Invoices_202505022247_3160455.pdf,FAILURE,No QR code found
2025-05-18T21:23:45.555915,,,10009Invoices_20250502224750_203906454_Invoices_202505022247_3160513.pdf,FAILURE,No QR code found
2025-05-18T21:27:37.835288,,,10009Invoices_20250502224750_203906454_Invoices_202505022247_3160157.pdf,FAILURE,No QR code found
2025-05-18T21:27:38.169661,,,10009Invoices_20250502224750_203906454_Invoices_202505022247_3160368.pdf,FAILURE,No QR code found
2025-05-18T21:27:38.527230,,,10009Invoices_20250502224750_203906454_Invoices_202505022247_3160432.pdf,FAILURE,No QR code found
2025-05-18T21:27:38.787222,,,10009Invoices_20250502224750_203906454_Invoices_202505022247_3160455.pdf,FAILURE,No QR code found
2025-05-18T21:27:39.069677,,,10009Invoices_20250502224750_203906454_Invoices_202505022247_3160513.pdf,FAILURE,No QR code found
2025-05-18T21:50:50.965211,,,10009Invoices_20250502224750_203906454_Invoices_202505022247_3160157.pdf,FAILURE,No QR code found
2025-05-18T21:50:51.234177,,,10009Invoices_20250502224750_203906454_Invoices_202505022247_3160368.pdf,FAILURE,No QR code found
2025-05-18T21:50:51.547996,,,10009Invoices_20250502224750_203906454_Invoices_202505022247_3160432.pdf,FAILURE,No QR code found
2025-05-18T21:50:51.851753,,,10009Invoices_20250502224750_203906454_Invoices_202505022247_3160455.pdf,FAILURE,No QR code found
2025-05-18T21:50:52.148175,,,10009Invoices_20250502224750_203906454_Invoices_202505022247_3160513.pdf,FAILURE,No QR code found
2025-05-18T21:51:50.804309,,516883194,6 7/3379,FAILURE,HEADER post failed
2025-05-18T21:51:50.887329,,502129425,FT 2025A1/3230,FAILURE,HEADER post failed
2025-05-18T21:51:50.935467,,502604751,FT 202512/143264,FAILURE,HEADER post failed
2025-05-18T21:54:26.863867,,,10009Invoices_20250502224750_203906454_Invoices_202505022247_3160157.pdf,FAILURE,No QR code found
2025-05-18T21:54:27.120970,,,10009Invoices_20250502224750_203906454_Invoices_202505022247_3160368.pdf,FAILURE,No QR code found
2025-05-18T21:54:27.367739,,,10009Invoices_20250502224750_203906454_Invoices_202505022247_3160432.pdf,FAILURE,No QR code found
2025-05-18T21:54:27.617910,,,10009Invoices_20250502224750_203906454_Invoices_202505022247_3160455.pdf,FAILURE,No QR code found
2025-05-18T21:54:27.883737,,,10009Invoices_20250502224750_203906454_Invoices_202505022247_3160513.pdf,FAILURE,No QR code found
2025-05-18T21:55:26.532471,,516883194,6 7/3379,FAILURE,HEADER post failed
2025-05-18T21:55:26.625745,,502129425,FT 2025A1/3230,FAILURE,HEADER post failed
2025-05-18T21:55:26.701902,,502604751,FT 202512/143264,FAILURE,HEADER post failed
2025-05-18T21:57:46.261714,,,10009Invoices_20250502224750_203906454_Invoices_202505022247_3160157.pdf,FAILURE,No QR code found
2025-05-18T21:57:46.530585,,,10009Invoices_20250502224750_203906454_Invoices_202505022247_3160368.pdf,FAILURE,No QR code found
2025-05-18T21:57:46.790732,,,10009Invoices_20250502224750_203906454_Invoices_202505022247_3160432.pdf,FAILURE,No QR code found
2025-05-18T21:57:47.047428,,,10009Invoices_20250502224750_203906454_Invoices_202505022247_3160455.pdf,FAILURE,No QR code found
2025-05-18T21:57:47.301455,,,10009Invoices_20250502224750_203906454_Invoices_202505022247_3160513.pdf,FAILURE,No QR code found
2025-05-18T21:58:50.236019,FCA25000580,FN0000620,6 7/3379,SUCCESS,
2025-05-18T21:59:46.992851,FCA25000580,FN0000620,6 7/3379,FAILURE,LINE1 post failed
2025-05-18T21:59:47.101454,FCA25000581,FN0000911,FT 2025A1/3230,SUCCESS,
2025-05-18T22:00:45.568639,FCA25000581,FN0000911,FT 2025A1/3230,FAILURE,LINE1 post failed
2025-05-18T22:00:45.699089,FCA25000582,FN0000303,FT 202512/143264,SUCCESS,
2025-05-18T22:01:43.067027,FCA25000582,FN0000303,FT 202512/143264,FAILURE,LINE1 post failed
2025-05-18T22:11:14.595325,,,10009Invoices_20250502224750_203906454_Invoices_202505022247_3160157.pdf,FAILURE,No QR code found
2025-05-18T22:11:14.871028,,,10009Invoices_20250502224750_203906454_Invoices_202505022247_3160368.pdf,FAILURE,No QR code found
2025-05-18T22:11:15.148229,,,10009Invoices_20250502224750_203906454_Invoices_202505022247_3160432.pdf,FAILURE,No QR code found
2025-05-18T22:11:15.428695,,,10009Invoices_20250502224750_203906454_Invoices_202505022247_3160455.pdf,FAILURE,No QR code found
2025-05-18T22:11:15.693134,,,10009Invoices_20250502224750_203906454_Invoices_202505022247_3160513.pdf,FAILURE,No QR code found
2025-05-18T22:12:14.767018,FCA25000573,FN0000620,6 7/3379,SUCCESS,
2025-05-18T22:13:10.943832,FCA25000573,FN0000620,6 7/3379,FAILURE,LINE1 post failed
2025-05-18T22:13:11.063012,FCA25000574,FN0000911,FT 2025A1/3230,SUCCESS,
2025-05-18T22:14:12.530765,,,10009Invoices_20250502224750_203906454_Invoices_202505022247_3160157.pdf,FAILURE,No QR code found
2025-05-18T22:14:12.792050,,,10009Invoices_20250502224750_203906454_Invoices_202505022247_3160368.pdf,FAILURE,No QR code found
2025-05-18T22:14:13.064031,,,10009Invoices_20250502224750_203906454_Invoices_202505022247_3160432.pdf,FAILURE,No QR code found
2025-05-18T22:14:13.357072,,,10009Invoices_20250502224750_203906454_Invoices_202505022247_3160455.pdf,FAILURE,No QR code found
2025-05-18T22:14:13.626726,,,10009Invoices_20250502224750_203906454_Invoices_202505022247_3160513.pdf,FAILURE,No QR code found
2025-05-18T22:15:12.372256,FCA25000573,FN0000620,6 7/3379,SUCCESS,
2025-05-18T22:16:08.978327,FCA25000573,FN0000620,6 7/3379,SUCCESS,
2025-05-18T22:16:09.081529,FCA25000574,FN0000911,FT 2025A1/3230,SUCCESS,
2025-05-18T22:17:05.147787,FCA25000574,FN0000911,FT 2025A1/3230,SUCCESS,
2025-05-18T22:17:05.242971,FCA25000575,FN0000303,FT 202512/143264,SUCCESS,
2025-05-18T22:18:01.531701,FCA25000575,FN0000303,FT 202512/143264,SUCCESS,
2025-05-18T22:29:54.177387,,,10009Invoices_20250502224750_203906454_Invoices_202505022247_3160157.pdf,FAILURE,No QR code found
2025-05-18T22:29:54.534199,,,10009Invoices_20250502224750_203906454_Invoices_202505022247_3160368.pdf,FAILURE,No QR code found
2025-05-18T22:29:54.917911,,,10009Invoices_20250502224750_203906454_Invoices_202505022247_3160432.pdf,FAILURE,No QR code found
2025-05-18T22:29:55.257961,,,10009Invoices_20250502224750_203906454_Invoices_202505022247_3160455.pdf,FAILURE,No QR code found
2025-05-18T22:29:55.619762,,,10009Invoices_20250502224750_203906454_Invoices_202505022247_3160513.pdf,FAILURE,No QR code found
2025-05-18T22:30:54.349230,FCA25000576,FN0000620,6 7/3379,SUCCESS,
2025-05-18T22:31:53.691348,FCA25000576,FN0000620,6 7/3379,FAILURE,LINE1 post failed
2025-05-18T22:31:53.789135,FCA25000577,FN0000911,FT 2025A1/3230,SUCCESS,
2025-05-18T22:32:49.197492,FCA25000577,FN0000911,FT 2025A1/3230,FAILURE,LINE1 post failed
2025-05-18T22:32:49.305696,FCA25000578,FN0000303,FT 202512/143264,SUCCESS,
2025-05-18T22:33:43.855125,FCA25000578,FN0000303,FT 202512/143264,FAILURE,LINE1 post failed
2025-05-18T22:47:12.359243,,,10009Invoices_20250502224750_203906454_Invoices_202505022247_3160157.pdf,FAILURE,No QR code found
2025-05-18T22:47:12.676939,,,10009Invoices_20250502224750_203906454_Invoices_202505022247_3160368.pdf,FAILURE,No QR code found
2025-05-18T22:47:12.935123,,,10009Invoices_20250502224750_203906454_Invoices_202505022247_3160432.pdf,FAILURE,No QR code found
2025-05-18T22:47:13.192090,,,10009Invoices_20250502224750_203906454_Invoices_202505022247_3160455.pdf,FAILURE,No QR code found
2025-05-18T22:47:13.460424,,,10009Invoices_20250502224750_203906454_Invoices_202505022247_3160513.pdf,FAILURE,No QR code found
2025-05-18T22:48:12.060130,FCA25000579,FN0000620,6 7/3379,SUCCESS,
2025-05-18T22:49:08.196937,FCA25000579,FN0000620,6 7/3379,SUCCESS,
2025-05-18T22:49:08.311559,FCA25000580,FN0000911,FT 2025A1/3230,SUCCESS,
2025-05-18T22:50:05.163512,FCA25000580,FN0000911,FT 2025A1/3230,SUCCESS,
2025-05-18T22:50:05.264525,FCA25000581,FN0000303,FT 202512/143264,SUCCESS,
2025-05-18T22:51:02.031328,FCA25000581,FN0000303,FT 202512/143264,SUCCESS,
2025-05-18T22:53:07.487941,,,10009Invoices_20250502224750_203906454_Invoices_202505022247_3160157.pdf,FAILURE,No QR code found
2025-05-18T22:53:07.775549,,,10009Invoices_20250502224750_203906454_Invoices_202505022247_3160368.pdf,FAILURE,No QR code found
2025-05-18T22:53:08.134047,,,10009Invoices_20250502224750_203906454_Invoices_202505022247_3160432.pdf,FAILURE,No QR code found
2025-05-18T22:53:08.416932,,,10009Invoices_20250502224750_203906454_Invoices_202505022247_3160455.pdf,FAILURE,No QR code found
2025-05-18T22:53:08.729194,,,10009Invoices_20250502224750_203906454_Invoices_202505022247_3160513.pdf,FAILURE,No QR code found
2025-05-18T22:54:07.472747,FCA25000573,FN0000620,6 7/3379,SUCCESS,
2025-05-18T22:55:03.611281,FCA25000573,FN0000620,6 7/3379,SUCCESS,
2025-05-18T22:55:03.724419,FCA25000574,FN0000911,FT 2025A1/3230,SUCCESS,
2025-05-18T22:55:59.535096,FCA25000574,FN0000911,FT 2025A1/3230,SUCCESS,
2025-05-18T22:55:59.654855,FCA25000575,FN0000303,FT 202512/143264,SUCCESS,
2025-05-18T22:56:55.547160,FCA25000575,FN0000303,FT 202512/143264,SUCCESS,
2025-05-18T23:14:12.915303,,,FR - Mai25 - Antas da Cunha.pdf,FAILURE,No QR code found
2025-05-18T23:14:22.398128,,,Skillsworkflow 108.pdf,FAILURE,No QR code found
2025-05-18T23:14:24.716113,,,10009Invoices_20250502224750_203906454_Invoices_202505022247_3160157.pdf,FAILURE,No QR code found
2025-05-18T23:14:24.962384,,,10009Invoices_20250502224750_203906454_Invoices_202505022247_3160368.pdf,FAILURE,No QR code found
2025-05-18T23:14:25.234534,,,10009Invoices_20250502224750_203906454_Invoices_202505022247_3160432.pdf,FAILURE,No QR code found
2025-05-18T23:14:25.480157,,,10009Invoices_20250502224750_203906454_Invoices_202505022247_3160455.pdf,FAILURE,No QR code found
2025-05-18T23:14:25.735623,,,10009Invoices_20250502224750_203906454_Invoices_202505022247_3160513.pdf,FAILURE,No QR code found
2025-05-18T23:14:25.994757,,,10009Invoices_20250502224750_203906454_Invoices_202505022247_3160535.pdf,FAILURE,No QR code found
2025-05-18T23:14:36.011190,,,CONTRATO 0-014 DELL TECHNOLOGIES.pdf,FAILURE,No QR code found
2025-05-18T23:15:39.268497,FCA25000573,FN0000931,ZF17 B4P9/4190145486,SUCCESS,
2025-05-18T23:16:34.781650,FCA25000573,FN0000931,ZF17 B4P9/4190145486,SUCCESS,
2025-05-18T23:16:34.904780,FCA25000574,FN0000943,FR 1020200/34806,SUCCESS,
2025-05-18T23:17:31.750855,FCA25000574,FN0000943,FR 1020200/34806,FAILURE,LINE1 post failed
2025-05-18T23:17:31.866161,FCA25000574,FN0000943,FR 1020200/34806,FAILURE,LINE2 post failed
2025-05-18T23:17:31.983200,FCA25000575,FN0000013,AIE APXIE025/02140638,SUCCESS,
2025-05-18T23:18:27.998055,FCA25000575,FN0000013,AIE APXIE025/02140638,FAILURE,LINE1 post failed
2025-05-18T23:18:28.142378,FCA25000575,FN0000013,AIE APXIE025/02140638,FAILURE,LINE2 post failed
2025-05-18T23:18:28.267922,FCA25000576,FN0000013,AIE APXIE025/02154304,SUCCESS,
2025-05-18T23:19:24.299795,FCA25000576,FN0000013,AIE APXIE025/02154304,FAILURE,LINE1 post failed
2025-05-18T23:19:24.428339,FCA25000576,FN0000013,AIE APXIE025/02154304,FAILURE,LINE2 post failed
2025-05-18T23:19:24.570208,FCA25000577,FN0000437,1 2025/22,SUCCESS,
2025-05-18T23:53:16.971331,,,FR - Mai25 - Antas da Cunha.pdf,FAILURE,No QR code found
2025-05-18T23:53:27.041466,,,Skillsworkflow 108.pdf,FAILURE,No QR code found
2025-05-18T23:53:29.452465,,,10009Invoices_20250502224750_203906454_Invoices_202505022247_3160157.pdf,FAILURE,No QR code found
2025-05-18T23:53:29.736338,,,10009Invoices_20250502224750_203906454_Invoices_202505022247_3160368.pdf,FAILURE,No QR code found
2025-05-18T23:53:30.010406,,,10009Invoices_20250502224750_203906454_Invoices_202505022247_3160432.pdf,FAILURE,No QR code found
2025-05-18T23:53:30.290313,,,10009Invoices_20250502224750_203906454_Invoices_202505022247_3160455.pdf,FAILURE,No QR code found
2025-05-18T23:53:30.601334,,,10009Invoices_20250502224750_203906454_Invoices_202505022247_3160513.pdf,FAILURE,No QR code found
2025-05-18T23:53:30.919089,,,10009Invoices_20250502224750_203906454_Invoices_202505022247_3160535.pdf,FAILURE,No QR code found
2025-05-18T23:53:42.324829,,,CONTRATO 0-014 DELL TECHNOLOGIES.pdf,FAILURE,No QR code found
2025-05-18T23:54:50.011235,FCA25000578,FN0000931,ZF17 B4P9/4190145486,SUCCESS,
2025-05-18T23:57:39.022214,,,FR - Mai25 - Antas da Cunha.pdf,FAILURE,No QR code found
2025-05-18T23:57:49.121901,,,Skillsworkflow 108.pdf,FAILURE,No QR code found
2025-05-18T23:57:51.595221,,,10009Invoices_20250502224750_203906454_Invoices_202505022247_3160157.pdf,FAILURE,No QR code found
2025-05-18T23:57:51.864857,,,10009Invoices_20250502224750_203906454_Invoices_202505022247_3160368.pdf,FAILURE,No QR code found
2025-05-18T23:57:52.139149,,,10009Invoices_20250502224750_203906454_Invoices_202505022247_3160432.pdf,FAILURE,No QR code found
2025-05-18T23:57:52.423717,,,10009Invoices_20250502224750_203906454_Invoices_202505022247_3160455.pdf,FAILURE,No QR code found
2025-05-18T23:57:52.710023,,,10009Invoices_20250502224750_203906454_Invoices_202505022247_3160513.pdf,FAILURE,No QR code found
2025-05-18T23:57:52.981201,,,10009Invoices_20250502224750_203906454_Invoices_202505022247_3160535.pdf,FAILURE,No QR code found
2025-05-18T23:58:03.595062,,,CONTRATO 0-014 DELL TECHNOLOGIES.pdf,FAILURE,No QR code found
2025-05-18T23:59:07.762789,FCA25000579,FN0000931,ZF17 B4P9/4190145486,SUCCESS,
2025-05-19T00:00:06.079825,FCA25000579,FN0000931,ZF17 B4P9/4190145486,FAILURE,LINE1 post failed
2025-05-19T00:00:06.191243,FCA25000580,FN0000943,FR 1020200/34806,SUCCESS,
2025-05-19T00:01:02.649980,FCA25000580,FN0000943,FR 1020200/34806,FAILURE,LINE1 post failed
2025-05-19T00:01:02.814510,FCA25000580,FN0000943,FR 1020200/34806,FAILURE,LINE2 post failed
2025-05-19T00:01:02.938445,FCA25000581,FN0000013,AIE APXIE025/02140638,SUCCESS,
2025-05-19T12:30:23.513325,,,FR - Mai25 - Antas da Cunha.pdf,FAILURE,No QR code found
2025-05-19T12:30:33.196393,,,Skillsworkflow 108.pdf,FAILURE,No QR code found
2025-05-19T12:30:35.696586,,,10009Invoices_20250502224750_203906454_Invoices_202505022247_3160157.pdf,FAILURE,No QR code found
2025-05-19T12:30:35.981343,,,10009Invoices_20250502224750_203906454_Invoices_202505022247_3160368.pdf,FAILURE,No QR code found
2025-05-19T12:30:36.246498,,,10009Invoices_20250502224750_203906454_Invoices_202505022247_3160432.pdf,FAILURE,No QR code found
2025-05-19T12:30:36.513224,,,10009Invoices_20250502224750_203906454_Invoices_202505022247_3160455.pdf,FAILURE,No QR code found
2025-05-19T12:30:36.796540,,,10009Invoices_20250502224750_203906454_Invoices_202505022247_3160513.pdf,FAILURE,No QR code found
2025-05-19T12:30:37.129833,,,10009Invoices_20250502224750_203906454_Invoices_202505022247_3160535.pdf,FAILURE,No QR code found
2025-05-19T12:30:47.346770,,,CONTRATO 0-014 DELL TECHNOLOGIES.pdf,FAILURE,No QR code found
2025-05-19T12:31:56.063437,FCA25000573,FN0000931,ZF17 B4P9/4190145486,SUCCESS,
2025-05-19T12:32:53.863704,FCA25000573,FN0000931,ZF17 B4P9/4190145486,SUCCESS,
2025-05-19T12:32:53.983665,FCA25000574,FN0000943,FR 1020200/34806,SUCCESS,
2025-05-19T12:33:52.838215,FCA25000574,FN0000943,FR 1020200/34806,SUCCESS,
2025-05-19T12:33:52.945393,FCA25000574,FN0000943,FR 1020200/34806,SUCCESS,
2025-05-19T12:33:53.053404,FCA25000575,FN0000013,AIE APXIE025/02140638,SUCCESS,
2025-05-19T12:34:52.522593,FCA25000575,FN0000013,AIE APXIE025/02140638,SUCCESS,
2025-05-19T12:34:52.636182,FCA25000575,FN0000013,AIE APXIE025/02140638,SUCCESS,
2025-05-19T12:34:52.769114,FCA25000576,FN0000013,AIE APXIE025/02154304,SUCCESS,
2025-05-19T12:35:51.085164,FCA25000576,FN0000013,AIE APXIE025/02154304,SUCCESS,
2025-05-19T12:35:51.218254,FCA25000576,FN0000013,AIE APXIE025/02154304,SUCCESS,
2025-05-19T12:35:51.337153,FCA25000577,FN0000437,1 2025/22,SUCCESS,
2025-05-19T12:49:47.414395,FCA25000577,FN0000437,1 2025/22,LINE_ERROR,LINE1 post failed
2025-05-19T12:49:47.552948,FCA25000578,FN0000437,1 2025/23,SUCCESS,
2025-05-19T12:50:46.045466,FCA25000578,FN0000437,1 2025/23,SUCCESS,
2025-05-19T12:50:46.157431,FCA25000579,FN0000018,FT 2025A15/1503,SUCCESS,
2025-05-19T12:51:44.783002,FCA25000579,FN0000018,FT 2025A15/1503,SUCCESS,
2025-05-19T12:51:44.873357,FCA25000580,FN0000042,FT 101/093207414,SUCCESS,
2025-05-19T12:52:43.632673,FCA25000580,FN0000042,FT 101/093207414,LINE_ERROR,LINE1 post failed
2025-05-19T12:52:43.728445,FCA25000581,FN0000052,FT 25BSML14/0000394255,SUCCESS,
2025-05-19T12:58:59.089525,FCA25000581,FN0000052,FT 25BSML14/0000394255,LINE_ERROR,LINE1 post failed
2025-05-19T12:58:59.178588,FCA25000581,FN0000052,FT 25BSML14/0000394255,LINE_ERROR,LINE2 post failed
2025-05-19T12:58:59.261667,FCA25000582,FN0000823,FT SELFSTORAGE/4513,SUCCESS,
2025-05-19T12:59:59.409382,FCA25000582,FN0000823,FT SELFSTORAGE/4513,SUCCESS,
2025-05-19T12:59:59.525814,FCA25000583,FN0000832,FR IZI/26057,SUCCESS,
2025-05-19T13:00:57.045348,FCA25000583,FN0000832,FR IZI/26057,SUCCESS,
2025-05-19T13:00:57.162486,FCA25000584,FN0000814,FT 2025/38,SUCCESS,
2025-05-19T13:09:23.331530,FCA25000584,FN0000814,FT 2025/38,LINE_ERROR,LINE1 post failed
2025-05-19T13:09:23.851515,FCA25000585,FN0000159,FT 2025/13,SUCCESS,
2025-05-19T13:10:26.612716,FCA25000585,FN0000159,FT 2025/13,SUCCESS,
2025-05-19T13:10:26.762693,FCA25000586,FN0000884,FT 2025/18,SUCCESS,
2025-05-19T13:11:26.257159,FCA25000586,FN0000884,FT 2025/18,SUCCESS,
2025-05-19T13:11:26.410222,FCA25000587,FN0000072,FT A/840801906,SUCCESS,
2025-05-19T13:12:27.858431,FCA25000587,FN0000072,FT A/840801906,SUCCESS,
2025-05-19T13:12:28.049948,FCA25000588,FN0000072,FT A/840802008,SUCCESS,
2025-05-19T13:21:19.898623,FCA25000588,FN0000072,FT A/840802008,LINE_ERROR,LINE1 post failed
2025-05-19T13:21:20.006753,FCA25000589,FN0000072,FT A/841187833,SUCCESS,
2025-05-19T13:22:16.948266,FCA25000589,FN0000072,FT A/841187833,LINE_ERROR,LINE1 post failed
2025-05-19T13:22:17.049810,FCA25000590,FN0000072,FT MV/582202117,SUCCESS,
2025-05-19T13:23:14.316975,FCA25000590,FN0000072,FT MV/582202117,SUCCESS,
2025-05-19T13:23:14.451373,FCA25000591,FN0000072,FT MV/582224462,SUCCESS,
2025-05-19T13:24:11.913681,FCA25000591,FN0000072,FT MV/582224462,SUCCESS,
2025-05-19T13:24:12.052638,FCA25000592,FN0000072,FT MV/582224465,SUCCESS,
2025-05-19T13:32:15.653401,FCA25000592,FN0000072,FT MV/582224465,LINE_ERROR,LINE1 post failed
2025-05-19T13:32:16.036500,FCA25000593,FN0000072,FT MV/582300039,SUCCESS,
2025-05-19T13:33:13.051632,FCA25000593,FN0000072,FT MV/582300039,SUCCESS,
2025-05-19T13:33:13.158654,FCA25000594,FN0000072,FT MV/582308577,SUCCESS,
2025-05-19T13:34:10.209066,FCA25000594,FN0000072,FT MV/582308577,SUCCESS,
2025-05-19T13:34:10.309106,FCA25000595,FN0000143,FT FT25/0011221,SUCCESS,
2025-05-19T13:35:08.678236,FCA25000595,FN0000143,FT FT25/0011221,SUCCESS,
2025-05-19T13:35:08.821126,FCA25000596,FN0000171,FT FV25/00898,SUCCESS,
2025-05-19T13:53:26.003962,FCA25000596,FN0000171,FT FV25/00898,LINE_ERROR,LINE1 post failed
2025-05-19T13:53:47.056767,,FN0000695,FT 1/960,HEADER_ERROR,HEADER post failed
2025-05-19T13:54:08.101459,,FN0000695,FT 1/1019,HEADER_ERROR,HEADER post failed
2025-05-19T13:54:29.149617,,FN0000063,FT 2025A1/2582,HEADER_ERROR,HEADER post failed
2025-05-19T13:54:29.163880,,FN0000063,FT 2025A1/2671,HEADER_ERROR,HEADER post failed
2025-05-19T13:54:29.169893,,FN0000781,NC 2025/2,HEADER_ERROR,HEADER post failed
2025-05-19T13:54:29.176407,,FN0000077,FT FA.2025/20252808,HEADER_ERROR,HEADER post failed
2025-05-19T13:54:29.197408,,FN0000077,FT FA.2025/20252828,HEADER_ERROR,HEADER post failed
2025-05-19T13:54:29.205409,,FN0000077,FT FA.2025/20253042,HEADER_ERROR,HEADER post failed
2025-05-19T13:54:29.212409,,FN0000077,FT FA.2025/20253115,HEADER_ERROR,HEADER post failed
2025-05-19T13:54:29.231619,,FN0000077,FT FA.2025/20253274,HEADER_ERROR,HEADER post failed
2025-05-19T13:54:29.239621,,FN0000090,FT FA.2025/1073,HEADER_ERROR,HEADER post failed
2025-05-19T13:54:29.245618,,FN0000090,FT FA.2025/1183,HEADER_ERROR,HEADER post failed
2025-05-19T13:54:29.252618,,FN0000090,FT FA.2025/1211,HEADER_ERROR,HEADER post failed
2025-05-19T13:54:29.259776,,FN0000704,FT 2025/146,HEADER_ERROR,HEADER post failed
2025-05-19T13:54:29.265215,,FN0000082,FT VPT125NFM/018987,HEADER_ERROR,HEADER post failed
2025-05-19T13:54:29.270266,,FN0000620,6 7/3379,HEADER_ERROR,HEADER post failed
2025-05-19T13:54:29.276729,,FN0000911,FT 2025A1/3230,HEADER_ERROR,HEADER post failed
2025-05-19T13:54:29.282693,,FN0000303,FT 202512/143264,HEADER_ERROR,HEADER post failed
2025-05-19T13:54:29.287695,,FN0000021,F6 BB13/1608172531,HEADER_ERROR,HEADER post failed
2025-05-19T13:54:29.295691,,FN0000021,F2 BA24/1960387476,HEADER_ERROR,HEADER post failed
2025-05-19T13:54:29.301644,,FN0000343,FAC 1/10667,HEADER_ERROR,HEADER post failed
2025-05-19T13:54:29.306669,,FN0000343,FAC 1/10667,HEADER_ERROR,HEADER post failed
2025-05-19T13:54:29.312705,,FN0000912,FT V001.03/56443,HEADER_ERROR,HEADER post failed
2025-05-19T13:54:29.318680,,FN0000072,FT 70/6967553,HEADER_ERROR,HEADER post failed
2025-05-19T13:54:29.334550,,FN0000021,F6 BB13/1608172531,HEADER_ERROR,HEADER post failed
2025-05-19T13:54:29.341547,,FN0000017,CCOD 25L/23277,HEADER_ERROR,HEADER post failed
2025-05-19T13:54:29.349548,,FN0000247,FT 32812/00006572,HEADER_ERROR,HEADER post failed
2025-05-19T13:54:29.353726,,FN0000247,FT 32812/00006597,HEADER_ERROR,HEADER post failed
2025-05-19T13:54:29.361158,,FN0000617,FT 32891/00004997,HEADER_ERROR,HEADER post failed
2025-05-19T13:54:29.367160,,FN0000247,FT 33812/00000414,HEADER_ERROR,HEADER post failed
2025-05-19T13:54:29.373811,,FN0000052,FT 25BSML14/0000393085,HEADER_ERROR,HEADER post failed
2025-05-19T13:54:29.381820,,FN0000052,FT 25BSML14/0000393088,HEADER_ERROR,HEADER post failed
2025-05-19T13:54:29.386820,,FN0000167,FT 150/000728,HEADER_ERROR,HEADER post failed
2025-05-19T13:54:29.392819,,FN0000167,FT 150/000716,HEADER_ERROR,HEADER post failed
2025-05-19T13:54:29.399819,,FN0000013,AIE APXIE025/02392931,HEADER_ERROR,HEADER post failed
2025-05-19T13:54:29.407223,,FN0000013,AIE APXIE025/02392933,HEADER_ERROR,HEADER post failed
2025-05-19T13:54:29.416223,,FN0000415,FA 1A2502/529,HEADER_ERROR,HEADER post failed
2025-05-19T13:54:29.435257,,FN0000948,FT 2025A1/248,HEADER_ERROR,HEADER post failed
2025-05-19T13:54:29.442245,,FN0000090,FT FA.2025/1041,HEADER_ERROR,HEADER post failed
2025-05-19T13:54:29.448229,,FN0000800,FA FA2025/31,HEADER_ERROR,HEADER post failed
2025-05-19T13:54:29.455361,,FN0000057,FRD FRD25G1460/578130,HEADER_ERROR,HEADER post failed
2025-05-19T13:54:29.461594,,FN0000490,FR Q25/0832437,HEADER_ERROR,HEADER post failed
2025-05-19T13:54:29.475709,,FN0000949,FT 110003179/003045,HEADER_ERROR,HEADER post failed
2025-05-19T13:54:29.481710,,FN0000039,FT 100006700/052647,HEADER_ERROR,HEADER post failed
2025-05-19T13:54:29.487708,,FN0000039,FT 100006700/058682,HEADER_ERROR,HEADER post failed
2025-05-19T13:54:29.494220,,FN0000039,FT 100006700/061127,HEADER_ERROR,HEADER post failed
2025-05-19T13:54:29.500218,,FN0000949,FT 110003198/000890,HEADER_ERROR,HEADER post failed
2025-05-19T13:54:29.506219,,FN0000949,FT 110003198/000891,HEADER_ERROR,HEADER post failed
2025-05-19T13:54:29.513219,,FN0000039,FT 100006729/029690,HEADER_ERROR,HEADER post failed
2025-05-19T13:54:29.519221,,FN0000039,FT 100006729/034348,HEADER_ERROR,HEADER post failed
2025-05-19T14:17:33.073386,,,FR - Mai25 - Antas da Cunha.pdf,FAILURE,No QR code found
2025-05-19T14:17:42.943295,,,Skillsworkflow 108.pdf,FAILURE,No QR code found
2025-05-19T14:17:45.304173,,,10009Invoices_20250502224750_203906454_Invoices_202505022247_3160157.pdf,FAILURE,No QR code found
2025-05-19T14:17:45.584275,,,10009Invoices_20250502224750_203906454_Invoices_202505022247_3160368.pdf,FAILURE,No QR code found
2025-05-19T14:17:45.861020,,,10009Invoices_20250502224750_203906454_Invoices_202505022247_3160432.pdf,FAILURE,No QR code found
2025-05-19T14:17:46.123604,,,10009Invoices_20250502224750_203906454_Invoices_202505022247_3160455.pdf,FAILURE,No QR code found
2025-05-19T14:17:46.396517,,,10009Invoices_20250502224750_203906454_Invoices_202505022247_3160513.pdf,FAILURE,No QR code found
2025-05-19T14:17:46.673959,,,10009Invoices_20250502224750_203906454_Invoices_202505022247_3160535.pdf,FAILURE,No QR code found
2025-05-19T14:17:57.040208,,,CONTRATO 0-014 DELL TECHNOLOGIES.pdf,FAILURE,No QR code found
2025-05-19T14:19:09.907618,FCA25000573,FN0000931,ZF17 B4P9/4190145486,SUCCESS,
2025-05-19T14:20:08.673608,FCA25000573,FN0000931,ZF17 B4P9/4190145486,LINE_ERROR,LINE1 post failed
2025-05-19T14:20:08.783870,FCA25000574,FN0000943,FR 1020200/34806,SUCCESS,
2025-05-19T14:21:06.740348,FCA25000574,FN0000943,FR 1020200/34806,SUCCESS,
2025-05-19T14:21:06.842613,FCA25000574,FN0000943,FR 1020200/34806,SUCCESS,
2025-05-19T14:21:06.958411,FCA25000575,FN0000013,AIE APXIE025/02140638,SUCCESS,
2025-05-19T14:22:05.023800,FCA25000575,FN0000013,AIE APXIE025/02140638,SUCCESS,
2025-05-19T14:22:05.127693,FCA25000575,FN0000013,AIE APXIE025/02140638,SUCCESS,
2025-05-19T14:22:05.217344,FCA25000576,FN0000013,AIE APXIE025/02154304,SUCCESS,
2025-05-19T14:23:03.107927,FCA25000576,FN0000013,AIE APXIE025/02154304,SUCCESS,
2025-05-19T14:23:03.243912,FCA25000576,FN0000013,AIE APXIE025/02154304,SUCCESS,
2025-05-19T14:23:03.357347,FCA25000577,FN0000437,1 2025/22,SUCCESS,
2025-05-19T14:24:03.006652,FCA25000577,FN0000437,1 2025/22,SUCCESS,
2025-05-19T14:24:03.106663,FCA25000578,FN0000437,1 2025/23,SUCCESS,
2025-05-19T14:25:02.887292,FCA25000578,FN0000437,1 2025/23,SUCCESS,
2025-05-19T14:25:02.995212,FCA25000579,FN0000018,FT 2025A15/1503,SUCCESS,
2025-05-19T14:26:01.855595,FCA25000579,FN0000018,FT 2025A15/1503,SUCCESS,
2025-05-19T14:26:01.958295,FCA25000580,FN0000042,FT 101/093207414,SUCCESS,
2025-05-19T14:27:03.123369,FCA25000580,FN0000042,FT 101/093207414,LINE_ERROR,LINE1 post failed
2025-05-19T14:27:03.307315,FCA25000581,FN0000052,FT 25BSML14/0000394255,SUCCESS,
2025-05-19T14:28:07.270980,FCA25000581,FN0000052,FT 25BSML14/0000394255,SUCCESS,
2025-05-19T14:28:07.389347,FCA25000581,FN0000052,FT 25BSML14/0000394255,SUCCESS,
2025-05-19T14:28:07.490823,FCA25000582,FN0000823,FT SELFSTORAGE/4513,SUCCESS,
2025-05-19T14:29:07.232469,FCA25000582,FN0000823,FT SELFSTORAGE/4513,SUCCESS,
2025-05-19T14:29:07.324378,FCA25000583,FN0000832,FR IZI/26057,SUCCESS,
2025-05-19T14:30:06.654101,FCA25000583,FN0000832,FR IZI/26057,SUCCESS,
2025-05-19T14:30:06.772014,FCA25000584,FN0000814,FT 2025/38,SUCCESS,
2025-05-19T14:31:04.598429,FCA25000584,FN0000814,FT 2025/38,SUCCESS,
2025-05-19T14:31:04.692455,FCA25000585,FN0000159,FT 2025/13,SUCCESS,
2025-05-19T14:32:02.324483,FCA25000585,FN0000159,FT 2025/13,SUCCESS,
2025-05-19T14:32:02.423657,FCA25000586,FN0000884,FT 2025/18,SUCCESS,
2025-05-19T14:33:01.343245,FCA25000586,FN0000884,FT 2025/18,SUCCESS,
2025-05-19T14:33:01.459927,FCA25000587,FN0000072,FT A/840801906,SUCCESS,
2025-05-19T14:34:00.440735,FCA25000587,FN0000072,FT A/840801906,SUCCESS,
2025-05-19T14:34:00.572746,FCA25000588,FN0000072,FT A/840802008,SUCCESS,
2025-05-19T14:34:58.738567,FCA25000588,FN0000072,FT A/840802008,SUCCESS,
2025-05-19T14:34:58.889077,FCA25000589,FN0000072,FT A/841187833,SUCCESS,
2025-05-19T14:35:55.303752,FCA25000589,FN0000072,FT A/841187833,LINE_ERROR,LINE1 post failed
2025-05-19T14:35:55.407681,FCA25000590,FN0000072,FT MV/582202117,SUCCESS,
2025-05-19T14:36:51.616712,FCA25000590,FN0000072,FT MV/582202117,SUCCESS,
2025-05-19T14:36:51.731957,FCA25000591,FN0000072,FT MV/582224462,SUCCESS,
2025-05-19T14:37:47.627928,FCA25000591,FN0000072,FT MV/582224462,SUCCESS,
2025-05-19T14:37:47.758027,FCA25000592,FN0000072,FT MV/582224465,SUCCESS,
2025-05-19T14:38:46.298224,FCA25000592,FN0000072,FT MV/582224465,SUCCESS,
2025-05-19T14:38:46.390936,FCA25000593,FN0000072,FT MV/582300039,SUCCESS,
2025-05-19T14:39:43.418198,FCA25000593,FN0000072,FT MV/582300039,SUCCESS,
2025-05-19T14:39:43.568216,FCA25000594,FN0000072,FT MV/582308577,SUCCESS,
2025-05-19T14:40:43.093513,FCA25000594,FN0000072,FT MV/582308577,SUCCESS,
2025-05-19T14:40:43.200279,FCA25000595,FN0000143,FT FT25/0011221,SUCCESS,
2025-05-19T14:41:43.128245,FCA25000595,FN0000143,FT FT25/0011221,SUCCESS,
2025-05-19T14:41:43.251837,FCA25000596,FN0000171,FT FV25/00898,SUCCESS,
2025-05-19T14:42:42.222056,FCA25000596,FN0000171,FT FV25/00898,SUCCESS,
2025-05-19T14:42:42.372297,FCA25000597,FN0000695,FT 1/960,SUCCESS,
2025-05-19T14:43:40.486524,FCA25000597,FN0000695,FT 1/960,SUCCESS,
2025-05-19T14:43:40.578207,FCA25000598,FN0000695,FT 1/1019,SUCCESS,
2025-05-19T14:44:38.546370,FCA25000598,FN0000695,FT 1/1019,SUCCESS,
2025-05-19T14:44:38.642826,FCA25000599,FN0000063,FT 2025A1/2582,SUCCESS,
2025-05-19T14:45:36.138114,FCA25000599,FN0000063,FT 2025A1/2582,SUCCESS,
2025-05-19T14:45:36.228560,FCA25000600,FN0000063,FT 2025A1/2671,SUCCESS,
2025-05-19T14:46:32.128438,FCA25000600,FN0000063,FT 2025A1/2671,SUCCESS,
2025-05-19T14:46:32.228315,FCA25000601,FN0000781,NC 2025/2,SUCCESS,
2025-05-19T14:47:28.808527,FCA25000601,FN0000781,NC 2025/2,SUCCESS,
2025-05-19T14:47:28.918403,FCA25000602,FN0000077,FT FA.2025/20252808,SUCCESS,
2025-05-19T14:48:24.706634,FCA25000602,FN0000077,FT FA.2025/20252808,SUCCESS,
2025-05-19T14:48:24.855330,FCA25000603,FN0000077,FT FA.2025/20252828,SUCCESS,
2025-05-19T14:49:22.264434,FCA25000603,FN0000077,FT FA.2025/20252828,SUCCESS,
2025-05-19T14:49:22.358352,FCA25000604,FN0000077,FT FA.2025/20253042,SUCCESS,
2025-05-19T14:50:20.881809,FCA25000604,FN0000077,FT FA.2025/20253042,SUCCESS,
2025-05-19T14:50:21.031322,FCA25000605,FN0000077,FT FA.2025/20253115,SUCCESS,
2025-05-19T14:51:17.964773,FCA25000605,FN0000077,FT FA.2025/20253115,SUCCESS,
2025-05-19T14:51:18.101470,FCA25000606,FN0000077,FT FA.2025/20253274,SUCCESS,
2025-05-19T14:52:13.515984,FCA25000606,FN0000077,FT FA.2025/20253274,SUCCESS,
2025-05-19T14:52:13.623972,FCA25000607,FN0000090,FT FA.2025/1073,SUCCESS,
2025-05-19T14:53:12.161255,FCA25000607,FN0000090,FT FA.2025/1073,SUCCESS,
2025-05-19T14:53:12.262036,FCA25000608,FN0000090,FT FA.2025/1183,SUCCESS,
2025-05-19T14:54:09.962633,FCA25000608,FN0000090,FT FA.2025/1183,SUCCESS,
2025-05-19T14:54:10.091947,FCA25000609,FN0000090,FT FA.2025/1211,SUCCESS,
2025-05-19T14:55:09.805533,FCA25000609,FN0000090,FT FA.2025/1211,SUCCESS,
2025-05-19T14:55:09.980407,FCA25000610,FN0000704,FT 2025/146,SUCCESS,
2025-05-19T14:56:07.682864,FCA25000610,FN0000704,FT 2025/146,SUCCESS,
2025-05-19T14:56:07.788666,FCA25000611,FN0000082,FT VPT125NFM/018987,SUCCESS,
2025-05-19T14:57:09.358376,FCA25000611,FN0000082,FT VPT125NFM/018987,SUCCESS,
2025-05-19T14:57:09.504954,FCA25000612,FN0000620,6 7/3379,SUCCESS,
2025-05-19T14:58:08.975093,FCA25000612,FN0000620,6 7/3379,SUCCESS,
2025-05-19T14:58:09.099722,FCA25000613,FN0000911,FT 2025A1/3230,SUCCESS,
2025-05-19T14:59:04.540558,FCA25000613,FN0000911,FT 2025A1/3230,SUCCESS,
2025-05-19T14:59:04.665042,FCA25000614,FN0000303,FT 202512/143264,SUCCESS,
2025-05-19T15:00:02.498793,FCA25000614,FN0000303,FT 202512/143264,SUCCESS,
2025-05-19T15:00:02.682666,FCA25000615,FN0000021,F6 BB13/1608172531,SUCCESS,
2025-05-19T15:01:00.668320,FCA25000615,FN0000021,F6 BB13/1608172531,SUCCESS,
2025-05-19T15:01:00.806341,FCA25000616,FN0000021,F2 BA24/1960387476,SUCCESS,
2025-05-19T15:01:57.667195,FCA25000616,FN0000021,F2 BA24/1960387476,SUCCESS,
2025-05-19T15:01:57.782607,FCA25000617,FN0000343,FAC 1/10667,SUCCESS,
2025-05-19T15:02:57.315618,FCA25000617,FN0000343,FAC 1/10667,SUCCESS,
2025-05-19T15:02:57.453054,FCA25000618,FN0000343,FAC 1/10667,SUCCESS,
2025-05-19T15:04:00.642329,FCA25000618,FN0000343,FAC 1/10667,SUCCESS,
2025-05-19T15:04:00.794137,FCA25000619,FN0000912,FT V001.03/56443,SUCCESS,
2025-05-19T15:04:53.612090,FCA25000619,FN0000912,FT V001.03/56443,SUCCESS,
2025-05-19T15:04:53.710374,FCA25000620,FN0000072,FT 70/6967553,SUCCESS,
2025-05-19T15:05:47.070890,FCA25000620,FN0000072,FT 70/6967553,SUCCESS,
2025-05-19T15:05:47.193281,FCA25000621,FN0000021,F6 BB13/1608172531,SUCCESS,
2025-05-19T15:06:40.259545,FCA25000621,FN0000021,F6 BB13/1608172531,SUCCESS,
2025-05-19T15:06:40.355845,FCA25000622,FN0000017,CCOD 25L/23277,SUCCESS,
2025-05-19T15:07:32.849500,FCA25000622,FN0000017,CCOD 25L/23277,SUCCESS,
2025-05-19T15:07:32.980164,FCA25000622,FN0000017,CCOD 25L/23277,SUCCESS,
2025-05-19T15:07:33.102793,FCA25000623,FN0000247,FT 32812/00006572,SUCCESS,
2025-05-19T15:08:30.474410,FCA25000623,FN0000247,FT 32812/00006572,SUCCESS,
2025-05-19T15:08:30.654413,FCA25000624,FN0000247,FT 32812/00006597,SUCCESS,
2025-05-19T15:09:25.485393,FCA25000624,FN0000247,FT 32812/00006597,SUCCESS,
2025-05-19T15:09:25.590778,FCA25000625,FN0000617,FT 32891/00004997,SUCCESS,
2025-05-19T15:10:22.403437,FCA25000625,FN0000617,FT 32891/00004997,SUCCESS,
2025-05-19T15:10:22.509628,FCA25000626,FN0000247,FT 33812/00000414,SUCCESS,
2025-05-19T15:11:18.775828,FCA25000626,FN0000247,FT 33812/00000414,SUCCESS,
2025-05-19T15:11:18.879137,FCA25000627,FN0000052,FT 25BSML14/0000393085,SUCCESS,
2025-05-19T15:12:15.375195,FCA25000627,FN0000052,FT 25BSML14/0000393085,SUCCESS,
2025-05-19T15:12:15.489745,FCA25000627,FN0000052,FT 25BSML14/0000393085,SUCCESS,
2025-05-19T15:12:15.610920,FCA25000628,FN0000052,FT 25BSML14/0000393088,SUCCESS,
2025-05-19T15:13:14.119599,FCA25000628,FN0000052,FT 25BSML14/0000393088,SUCCESS,
2025-05-19T15:13:14.246218,FCA25000628,FN0000052,FT 25BSML14/0000393088,SUCCESS,
2025-05-19T15:13:14.369520,FCA25000629,FN0000167,FT 150/000728,SUCCESS,
2025-05-19T15:34:17.545816,,,FR - Mai25 - Antas da Cunha.pdf,FAILURE,No QR code found
2025-05-19T15:34:27.961851,,,Skillsworkflow 108.pdf,FAILURE,No QR code found
2025-05-19T15:34:30.718223,,,10009Invoices_20250502224750_203906454_Invoices_202505022247_3160157.pdf,FAILURE,No QR code found
2025-05-19T15:34:31.017971,,,10009Invoices_20250502224750_203906454_Invoices_202505022247_3160368.pdf,FAILURE,No QR code found
2025-05-19T15:34:31.350233,,,10009Invoices_20250502224750_203906454_Invoices_202505022247_3160432.pdf,FAILURE,No QR code found
2025-05-19T15:34:31.645243,,,10009Invoices_20250502224750_203906454_Invoices_202505022247_3160455.pdf,FAILURE,No QR code found
2025-05-19T15:34:31.944856,,,10009Invoices_20250502224750_203906454_Invoices_202505022247_3160513.pdf,FAILURE,No QR code found
2025-05-19T15:34:32.252832,,,10009Invoices_20250502224750_203906454_Invoices_202505022247_3160535.pdf,FAILURE,No QR code found
2025-05-19T15:34:47.615113,,,CONTRATO 0-014 DELL TECHNOLOGIES.pdf,FAILURE,No QR code found
2025-05-19T15:35:54.487921,FCA25000630,FN0000931,ZF17 B4P9/4190145486,SUCCESS,
2025-05-19T15:43:30.007506,,,FR - Mai25 - Antas da Cunha.pdf,FAILURE,No QR code found
2025-05-19T15:43:40.085949,,,Skillsworkflow 108.pdf,FAILURE,No QR code found
2025-05-19T15:43:42.432598,,,10009Invoices_20250502224750_203906454_Invoices_202505022247_3160157.pdf,FAILURE,No QR code found
2025-05-19T15:43:42.722664,,,10009Invoices_20250502224750_203906454_Invoices_202505022247_3160368.pdf,FAILURE,No QR code found
2025-05-19T15:43:43.001013,,,10009Invoices_20250502224750_203906454_Invoices_202505022247_3160432.pdf,FAILURE,No QR code found
2025-05-19T15:43:43.273647,,,10009Invoices_20250502224750_203906454_Invoices_202505022247_3160455.pdf,FAILURE,No QR code found
2025-05-19T15:43:43.551523,,,10009Invoices_20250502224750_203906454_Invoices_202505022247_3160513.pdf,FAILURE,No QR code found
2025-05-19T15:43:43.837267,,,10009Invoices_20250502224750_203906454_Invoices_202505022247_3160535.pdf,FAILURE,No QR code found
2025-05-19T15:43:54.857460,,,CONTRATO 0-014 DELL TECHNOLOGIES.pdf,FAILURE,No QR code found
2025-05-19T15:50:45.754642,,,FR - Mai25 - Antas da Cunha.pdf,X,No QR code found
2025-05-19T15:50:55.877318,,,Skillsworkflow 108.pdf,X,No QR code found
2025-05-19T15:50:58.383720,,,10009Invoices_20250502224750_203906454_Invoices_202505022247_3160157.pdf,X,No QR code found
2025-05-19T15:50:58.665128,,,10009Invoices_20250502224750_203906454_Invoices_202505022247_3160368.pdf,X,No QR code found
2025-05-19T15:50:58.979894,,,10009Invoices_20250502224750_203906454_Invoices_202505022247_3160432.pdf,X,No QR code found
2025-05-19T15:50:59.300329,,,10009Invoices_20250502224750_203906454_Invoices_202505022247_3160455.pdf,X,No QR code found
2025-05-19T15:50:59.588188,,,10009Invoices_20250502224750_203906454_Invoices_202505022247_3160513.pdf,X,No QR code found
2025-05-19T15:50:59.869546,,,10009Invoices_20250502224750_203906454_Invoices_202505022247_3160535.pdf,X,No QR code found
2025-05-19T15:51:10.321606,,,CONTRATO 0-014 DELL TECHNOLOGIES.pdf,X,No QR code found
2025-05-19T15:51:19.060610,,FT FAR.2025/8,,Y,Invalid vendor
2025-05-19T15:51:19.060610,,FT D33-D/10971,,Y,Invalid vendor
2025-05-19T15:51:19.061629,,FT FA.2025A/5043,,Y,Invalid vendor
2025-05-19T15:51:19.061629,,FT FA.2025/2507,,Y,Invalid vendor
2025-05-19T15:52:16.654070,FCA25000629,FN0000167,FT 150/000728,P,
2025-05-19T15:55:17.299072,,,FR - Mai25 - Antas da Cunha.pdf,X,No QR code found
2025-05-19T15:55:27.082079,,,Skillsworkflow 108.pdf,X,No QR code found
2025-05-19T15:55:29.490516,,,10009Invoices_20250502224750_203906454_Invoices_202505022247_3160157.pdf,X,No QR code found
2025-05-19T15:55:29.756008,,,10009Invoices_20250502224750_203906454_Invoices_202505022247_3160368.pdf,X,No QR code found
2025-05-19T15:55:30.023837,,,10009Invoices_20250502224750_203906454_Invoices_202505022247_3160432.pdf,X,No QR code found
2025-05-19T15:55:30.287163,,,10009Invoices_20250502224750_203906454_Invoices_202505022247_3160455.pdf,X,No QR code found
2025-05-19T15:55:30.558663,,,10009Invoices_20250502224750_203906454_Invoices_202505022247_3160513.pdf,X,No QR code found
2025-05-19T15:55:30.897273,,,10009Invoices_20250502224750_203906454_Invoices_202505022247_3160535.pdf,X,No QR code found
2025-05-19T15:55:40.985660,,,CONTRATO 0-014 DELL TECHNOLOGIES.pdf,X,No QR code found
2025-05-19T15:55:49.852677,,FT FAR.2025/8,FAR 8_ADCECIJA_Antas da Cunha Ecija.pdf,Y,Invalid vendor
2025-05-19T15:55:49.853683,,FT D33-D/10971,FATURA N. 10971.pdf,Y,Invalid vendor
2025-05-19T15:55:49.854689,,FT FA.2025A/5043,515673471FA2025A5043.pdf,Y,Invalid vendor
2025-05-19T15:55:49.854689,,FT FA.2025/2507,FA20252507.pdf,Y,Invalid vendor
2025-05-19T15:57:02.763309,FCA25000630,FN0000167,FT 150/000716,P,
2025-05-19T15:58:05.694393,FCA25000630,FN0000167,FT 150/000716,P,
2025-05-19T15:58:05.855692,FCA25000631,FN0000013,AIE APXIE025/02392931,P,
2025-05-19T15:59:58.397409,FCA25000631,FN0000013,AIE APXIE025/02392931,P,
2025-05-19T15:59:58.508238,FCA25000631,FN0000013,AIE APXIE025/02392931,P,
2025-05-19T15:59:58.640309,FCA25000632,FN0000013,AIE APXIE025/02392933,P,
2025-05-19T16:00:54.972613,FCA25000632,FN0000013,AIE APXIE025/02392933,P,
2025-05-19T16:00:55.098213,FCA25000632,FN0000013,AIE APXIE025/02392933,P,
2025-05-19T16:00:55.454830,FCA25000633,FN0000415,FA 1A2502/529,P,
2025-05-19T16:01:58.905850,FCA25000633,FN0000415,FA 1A2502/529,P,
2025-05-19T16:01:59.013295,FCA25000634,FN0000948,FT 2025A1/248,P,
2025-05-19T16:03:29.586712,FCA25000634,FN0000948,FT 2025A1/248,P,
2025-05-19T16:03:29.694248,FCA25000635,FN0000090,FT FA.2025/1041,P,
2025-05-19T16:04:36.200784,FCA25000635,FN0000090,FT FA.2025/1041,P,
2025-05-19T16:04:36.370657,FCA25000636,FN0000800,FA FA2025/31,P,
2025-05-19T16:05:35.166348,FCA25000636,FN0000800,FA FA2025/31,P,
2025-05-19T16:05:35.317652,FCA25000637,FN0000057,FRD FRD25G1460/578130,P,
2025-05-19T16:06:35.313663,FCA25000637,FN0000057,FRD FRD25G1460/578130,P,
2025-05-19T16:06:35.491442,FCA25000638,FN0000490,FR Q25/0832437,P,
2025-05-19T16:07:31.702617,FCA25000638,FN0000490,FR Q25/0832437,P,
2025-05-19T16:07:31.818540,FCA25000639,FN0000949,FT 110003179/003045,P,
2025-05-19T16:08:30.052325,FCA25000639,FN0000949,FT 110003179/003045,P,
2025-05-19T16:08:30.178493,FCA25000640,FN0000039,FT 100006700/052647,P,
2025-05-19T16:09:26.894747,FCA25000640,FN0000039,FT 100006700/052647,P,
2025-05-19T16:09:27.057538,FCA25000641,FN0000039,FT 100006700/058682,P,
2025-05-19T16:10:25.675576,FCA25000641,FN0000039,FT 100006700/058682,P,
2025-05-19T16:10:25.809016,FCA25000642,FN0000039,FT 100006700/061127,P,
2025-05-19T16:11:22.568276,FCA25000642,FN0000039,FT 100006700/061127,P,
2025-05-19T16:11:22.695549,FCA25000643,FN0000949,FT 110003198/000890,P,
2025-05-19T16:12:23.499941,FCA25000643,FN0000949,FT 110003198/000890,P,
2025-05-19T16:12:23.627590,FCA25000644,FN0000949,FT 110003198/000891,P,
2025-05-19T16:13:23.321550,FCA25000644,FN0000949,FT 110003198/000891,P,
2025-05-19T16:13:23.469834,FCA25000645,FN0000039,FT 100006729/029690,P,
2025-05-19T16:14:19.792629,FCA25000645,FN0000039,FT 100006729/029690,P,
2025-05-19T16:14:19.912638,FCA25000646,FN0000039,FT 100006729/034348,P,
2025-05-19T16:15:16.145542,FCA25000646,FN0000039,FT 100006729/034348,P,
2025-05-19T16:33:10.363542,,,FR - Mai25 - Antas da Cunha.pdf,X,No QR code found
2025-05-19T16:33:20.427298,,,Skillsworkflow 108.pdf,X,No QR code found
2025-05-19T16:33:22.761137,,,10009Invoices_20250502224750_203906454_Invoices_202505022247_3160157.pdf,X,No QR code found
2025-05-19T16:33:23.048207,,,10009Invoices_20250502224750_203906454_Invoices_202505022247_3160368.pdf,X,No QR code found
2025-05-19T16:33:23.343211,,,10009Invoices_20250502224750_203906454_Invoices_202505022247_3160432.pdf,X,No QR code found
2025-05-19T16:33:23.678531,,,10009Invoices_20250502224750_203906454_Invoices_202505022247_3160455.pdf,X,No QR code found
2025-05-19T16:33:23.994101,,,10009Invoices_20250502224750_203906454_Invoices_202505022247_3160513.pdf,X,No QR code found
2025-05-19T16:33:24.285790,,,10009Invoices_20250502224750_203906454_Invoices_202505022247_3160535.pdf,X,No QR code found
2025-05-19T16:33:35.313940,,,CONTRATO 0-014 DELL TECHNOLOGIES.pdf,X,No QR code found
2025-05-19T16:33:45.522792,,FR ATSIRE01FR/8,documento - 2025-05-06T183032.771.pdf,Y,Invalid vendor
2025-05-19T16:33:45.522792,,FR ATSIRE01FR/128,documento - 2025-05-06T185730.357.pdf,Y,Invalid vendor
2025-05-19T16:33:45.524350,,FR ATSIRE01FR/62,documento - 2025-05-06T185735.324.pdf,Y,Invalid vendor
2025-05-19T16:33:45.524350,,FT FAR.2025/8,FAR 8_ADCECIJA_Antas da Cunha Ecija.pdf,Y,Invalid vendor
2025-05-19T16:33:45.525363,,FT D33-D/10971,FATURA N. 10971.pdf,Y,Invalid vendor
2025-05-19T16:33:45.526356,,FT FA.2025A/5043,515673471FA2025A5043.pdf,Y,Invalid vendor
2025-05-19T16:33:45.526356,,FT FA.2025/2507,FA20252507.pdf,Y,Invalid vendor
2025-05-19T16:35:37.063439,FCA25000647,265783895,FR ATSIRE01FR/15,P,
2025-05-19T16:36:34.601331,FCA25000647,265783895,FR ATSIRE01FR/15,Z,LINE1 post failed
2025-05-19T16:36:34.762636,FCA25000648,234056827,FR ATSIRE01FR/15,P,
2025-05-19T16:37:35.328284,FCA25000648,234056827,FR ATSIRE01FR/15,Z,LINE1 post failed
2025-05-19T16:37:35.463435,FCA25000649,224529811,FR ATSIRE01FR/15,P,
2025-05-19T16:42:08.415872,,,FR - Mai25 - Antas da Cunha.pdf,X,No QR code found
2025-05-19T16:42:19.123594,,,Skillsworkflow 108.pdf,X,No QR code found
2025-05-19T16:42:21.909470,,,10009Invoices_20250502224750_203906454_Invoices_202505022247_3160157.pdf,X,No QR code found
2025-05-19T16:42:22.189673,,,10009Invoices_20250502224750_203906454_Invoices_202505022247_3160368.pdf,X,No QR code found
2025-05-19T16:42:22.474754,,,10009Invoices_20250502224750_203906454_Invoices_202505022247_3160432.pdf,X,No QR code found
2025-05-19T16:42:22.803747,,,10009Invoices_20250502224750_203906454_Invoices_202505022247_3160455.pdf,X,No QR code found
2025-05-19T16:42:23.103673,,,10009Invoices_20250502224750_203906454_Invoices_202505022247_3160513.pdf,X,No QR code found
2025-05-19T16:42:23.383694,,,10009Invoices_20250502224750_203906454_Invoices_202505022247_3160535.pdf,X,No QR code found
2025-05-19T16:42:33.763662,,,CONTRATO 0-014 DELL TECHNOLOGIES.pdf,X,No QR code found
2025-05-19T16:42:42.538919,,FR ATSIRE01FR/8,documento - 2025-05-06T183032.771.pdf,Y,Invalid vendor
2025-05-19T16:42:42.538919,,FR ATSIRE01FR/128,documento - 2025-05-06T185730.357.pdf,Y,Invalid vendor
2025-05-19T16:42:42.538919,,FR ATSIRE01FR/62,documento - 2025-05-06T185735.324.pdf,Y,Invalid vendor
2025-05-19T16:42:42.538919,,FT FAR.2025/8,FAR 8_ADCECIJA_Antas da Cunha Ecija.pdf,Y,Invalid vendor
2025-05-19T16:42:42.538919,,FT D33-D/10971,FATURA N. 10971.pdf,Y,Invalid vendor
2025-05-19T16:42:42.543968,,FT FA.2025A/5043,515673471FA2025A5043.pdf,Y,Invalid vendor
2025-05-19T16:42:42.543968,,FT FA.2025/2507,FA20252507.pdf,Y,Invalid vendor
2025-05-19T16:43:46.203800,FCA25000650,265783895,FR ATSIRE01FR/15,P,
2025-05-19T16:44:44.965789,FCA25000650,265783895,FR ATSIRE01FR/15,P,
2025-05-19T16:44:45.134746,FCA25000651,234056827,FR ATSIRE01FR/15,P,
2025-05-19T16:45:44.420691,FCA25000651,234056827,FR ATSIRE01FR/15,P,
2025-05-19T16:45:44.539838,FCA25000652,224529811,FR ATSIRE01FR/15,P,
2025-05-19T16:46:42.433901,FCA25000652,224529811,FR ATSIRE01FR/15,P,
2025-05-19T16:46:42.816912,FCA25000653,168284642,FR ATSIRE01FR/19,P,
2025-05-19T16:47:44.988424,FCA25000653,168284642,FR ATSIRE01FR/19,P,
2025-05-19T16:47:45.123088,FCA25000654,263447260,FR ATSIRE01FR/20,P,
2025-05-19T16:48:41.413155,FCA25000654,263447260,FR ATSIRE01FR/20,P,
2025-05-19T16:48:41.517188,FCA25000655,257700528,FR ATSIRE01FR/26,P,
2025-05-19T16:49:38.662677,FCA25000655,257700528,FR ATSIRE01FR/26,P,
2025-05-19T16:49:38.818633,FCA25000656,209407689,FR ATSIRE01FR/15,P,
2025-05-19T16:50:41.494555,FCA25000656,209407689,FR ATSIRE01FR/15,P,
2025-05-19T16:50:41.645895,FCA25000657,202304701,FR ATSIRE01FR/15,P,
2025-05-19T16:51:38.558710,FCA25000657,202304701,FR ATSIRE01FR/15,P,
2025-05-19T16:51:38.748664,FCA25000658,196906300,FR ATSIRE01FR/27,P,
2025-05-19T16:52:37.112945,FCA25000658,196906300,FR ATSIRE01FR/27,P,
2025-05-19T16:52:37.361973,FCA25000659,181744848,FR ATSIRE01FR/15,P,
2025-05-19T16:53:35.106258,FCA25000659,181744848,FR ATSIRE01FR/15,P,
2025-05-19T16:53:35.239979,FCA25000660,265116171,FR ATSIRE01FR/15,P,
2025-05-19T16:54:36.266555,FCA25000660,265116171,FR ATSIRE01FR/15,P,
2025-05-19T16:54:36.490402,FCA25000661,199972109,FR ATSIRE01FR/15,P,
2025-05-19T16:55:39.668785,FCA25000661,199972109,FR ATSIRE01FR/15,P,
2025-05-19T16:55:39.837737,FCA25000662,228001579,FR ATSIRE01FR/15,P,
2025-05-19T16:56:43.235413,FCA25000662,228001579,FR ATSIRE01FR/15,P,
2025-05-19T16:56:43.392563,FCA25000663,204185599,FR ATSIRE01FR/15,P,
2025-05-19T16:57:46.839059,FCA25000663,204185599,FR ATSIRE01FR/15,P,
2025-05-19T16:57:46.989620,FCA25000664,233187588,FR ATSIRE01FR/15,P,
2025-05-19T16:58:46.360187,FCA25000664,233187588,FR ATSIRE01FR/15,P,
2025-05-19T16:58:46.495792,FCA25000665,240421671,FR ATSIRE01FR/15,P,
2025-05-19T16:59:45.995746,FCA25000665,240421671,FR ATSIRE01FR/15,P,
2025-05-19T16:59:46.208481,FCA25000666,295601230,FR ATSIRE01FR/15,P,
2025-05-19T17:00:47.451658,FCA25000666,295601230,FR ATSIRE01FR/15,P,
2025-05-19T17:00:47.603287,FCA25000667,215789580,FR ATSIRE01FR/19,P,
2025-05-19T17:01:45.612343,FCA25000667,215789580,FR ATSIRE01FR/19,P,
2025-05-19T17:01:45.729830,FCA25000668,227495004,FR ATSIRE01FR/15,P,
2025-05-19T17:02:42.814654,FCA25000668,227495004,FR ATSIRE01FR/15,P,
2025-05-19T17:02:42.921215,FCA25000669,241542570,FR ATSIRE01FR/15,P,
2025-05-19T17:03:39.032142,FCA25000669,241542570,FR ATSIRE01FR/15,P,
2025-05-19T17:03:39.131345,FCA25000670,196906300,FR ATSIRE01FR/26,P,
2025-05-19T17:04:35.211248,FCA25000670,196906300,FR ATSIRE01FR/26,P,
2025-05-19T17:04:35.343971,FCA25000671,203925297,FR ATSIRE01FR/15,P,
2025-05-19T17:05:33.206102,FCA25000671,203925297,FR ATSIRE01FR/15,P,
2025-05-19T17:05:33.320309,FCA25000672,263447260,FR ATSIRE01FR/19,P,
2025-05-19T17:06:29.592855,FCA25000672,263447260,FR ATSIRE01FR/19,P,
2025-05-19T17:06:29.734994,FCA25000673,242318266,FR ATSIRE01FR/15,P,
2025-05-19T17:07:26.868913,FCA25000673,242318266,FR ATSIRE01FR/15,P,
2025-05-19T17:07:26.988777,FCA25000674,191994987,FR ATSIRE01FR/32,P,
2025-05-19T17:08:24.537160,FCA25000674,191994987,FR ATSIRE01FR/32,P,
